Datetime,Incident,Place,Case Id,Full Description
31.12.2020 14:13,Brandstiftung an Verwaltungsgebäude – Staatsschutz ermittelt,Lichtenberg,1035501,"Brandstiftung an Verwaltungsgebäude – Staatsschutz ermittelt. Polizeimeldung vom 31.12.2020 Lichtenberg. Nr. 2945.  Unbekannte setzten in der vergangenen Nacht in Lichtenberg eine Tür eines Verwaltungsgebäudes in Brand. Gegen 0.40 Uhr wurden Polizeieinsatzkräfte in die Gotlindestraße alarmiert, nachdem ein Zeuge zunächst einen lauten Knall und anschließend eine ausgelöste Alarmanlage an dem Gebäude, in dem sich die Agentur für Arbeit befindet, wahrgenommen habe. Die Einsatzkräfte stellten eine in Brand gesetzte Zugangstür sowie Farbschmierereien an der Außenfassade fest. Alarmierte Einsatzkräfte der Berliner Feuerwehr löschten die Flammen. Durch das Feuer wurden die Tür, umliegende Elektrokabel und ein Glasvordach beschädigt. Zudem lösten sich innerhalb des Gebäudes Teile des Putzes. Verletzt wurde niemand. Die weiteren, noch andauernden Ermittlungen hat der Staatsschutz übernommen."
31.12.2020 14:06,Auf einen Einsatzwagen aufgefahren und schwer verletzt,Charlottenburg-Wilmersdorf,1035500,"Auf einen Einsatzwagen aufgefahren und schwer verletzt. Polizeimeldung vom 31.12.2020 Charlottenburg-Wilmersdorf. Nr. 2944. In der vergangenen Nacht wurde ein Mann in Neukölln bei einem Verkehrsunfall schwer verletzt. Gegen 0.25 Uhr befanden sich Polizeikräfte aufgrund eines Einsatzes in einem Wohnhaus in der Donaustraße, als sie einen lauten Knall wahrnahmen. Auf der Straße stellten sie kurz darauf fest, dass ein Mann mit einem Toyota auf den in der zweiten Reihe geparkten Einsatzwagen aufgefahren ist und sich dabei schwer verletzt hat. Alarmierte Rettungskräfte behandelten den kurzzeitig bewusstlosen Mann und brachten ihn anschließend zur stationären Behandlung in ein Krankenhaus. Da der 37-Jährige augenscheinlich stark alkoholisiert war, erfolgte in der Klinik zudem eine Blutentnahme. Einsatzkräfte beschlagnahmten den Führerschein des Mannes und ließen den Einsatzwagen, der bei dem Zusammenstoß so stark beschädigt wurde, dass er nicht mehr einsatzbereit war, abschleppen. Die weiteren, noch andauernden Ermittlungen zum Unfallhergang führt ein Fachkommissariat für Verkehrsdelikte der Polizeidirektion 5."
31.12.2020 13:31,Nach Bedrohung mit Schusswaffe - Festnahme durch Spezialeinsatzkräfte des Landeskriminalamtes,Neukölln,1035499,"Nach Bedrohung mit Schusswaffe - Festnahme durch Spezialeinsatzkräfte des Landeskriminalamtes. Polizeimeldung vom 31.12.2020 Neukölln. Nr. 2943. Spezialeinsatzkräfte des Landeskriminalamtes haben gestern Abend einen Mann in dessen Wohnung in Neukölln festgenommen, weil er zuvor seine ehemalige Lebensgefährtin mit einer Schusswaffe bedroht haben soll. Derzeitigen Erkenntnissen zufolge soll sich der Fall der Häuslichen Gewalt gegen 18.20 Uhr in der Wohnung eines Mehrfamilienhauses in der Fritz-Reuter-Allee ereignet haben. Der 35-jährige Tatverdächtige soll dort seine ehemalige Lebensgefährtin im Alter von 33 Jahren mit einer Pistole bedroht haben. Der Frau gelang es, unverletzt aus der Wohnung zu flüchten und die Polizei zu alarmieren. Spezialeinsatzkräfte des Landeskriminalamtes nahmen kurz darauf den alkoholisierten Mann fest. Er klagte über Schmerzen und kam im Anschluss zur ambulanten Behandlung in ein Krankenhaus. Bei einer richterlich angeordneten Wohnungsdurchsuchung fanden die Einsatzkräfte insgesamt 35 Patronen für scharfe Schusswaffen, drei nicht zugelassene Luftdruckgewehre, ein nicht zugelassenes Pfefferspray, ein Messer sowie eine Machete. Die mutmaßliche Tatwaffe hatte der Tatverdächtige nicht mehr bei sich. Polizistinnen und Polizisten leiteten ein Strafermittlungsverfahren unter anderem wegen Bedrohung mit Schusswaffe und Verstoßes gegen das Waffengesetz ein und beschlagnahmten sämtliche Waffen und Munition. Der 35-Jährige kam nach der ambulanten Behandlung und einer Personalienfeststellung wieder auf freien Fuß. Die Ermittlungen dauern an."
31.12.2020 11:33,Polizei Berlin zieht Bilanz zur Versammlungslage am 30. Dezember 2020,Tempelhof-Schöneberg,1035498,"Polizei Berlin zieht Bilanz zur Versammlungslage am 30. Dezember 2020. Polizeimeldung vom 31.12.2020 Tempelhof-Schöneberg. Nr. 2942. Überwiegend störungsfrei verliefen die gestrigen Versammlungen im Berliner Stadtgebiet. Aufgrund einer Verbotsverfügung vom 23. Dezember 2020 für eine Kundgebung am Brandenburger Tor und Straße des 17. Juni gab es zahlreiche Aufrufe von Personen, trotz des Versammlungsverbotes, nach Berlin zu reisen um zu demonstrieren. Daher wurde der Bereich des Regierungsviertels weiträumig abgesperrt und der Tiergarten teilweise umzäunt. Zudem überprüften Verkehrseinsatzkräfte, unterstützt von einem Polizeihubschrauber, die stadteinwärts führenden Zufahrtsstraßen, um eine Anreise nach Berlin zu verhindern. Insgesamt sieben Versammlungen wurden für den gestrigen Tag angemeldet, darüber hinaus fand am Brandenburger Tor die Generalprobe einer TV-Produktion „Berlin Welcome 2021“ statt. Unter dem Motto „Solidarisch ins Neue Jahr – Nachdenken statt Querdenken“ versammelten sich in der Zeit zwischen 14.30 und 16.30 Uhr bis zu 80 Demonstrierende, die sich teilweise einem später auf dem Rosa-Luxemburg-Platz eintreffenden Aufzug anschlossen. Dieser startete gegen 14.30 Uhr vom Nettelbeckplatz in Wedding mit etwa 350 Teilnehmenden. Entlang der Aufzugsstrecke wurde gegen 15.20 Uhr in der Chaussestraße ein Nebeltopf gezündet und polizeifeindliche Parolen aus der Versammlung heraus gerufen. Etwa eine Stunde später erreichte der Demonstrationszug die Linienstraße, wo Unbekannte vom Dach eines Hauses Feuerwerkskörper in Richtung des Aufzuges warfen, wodurch niemand getroffen bzw. verletzt wurde. Gegen 16.30 Uhr erreichte der Aufzug den Endplatz auf dem Rosen-Luxemburg-Platz, wo die Versammlung kurz nach 17 Uhr durch den Versammlungsleitenden beendet wurde. Bis zu 240 Demonstrierende versammelten zu einer angemeldeten Kundgebung vor der Justizvollzugsanstalt für Frauen in der Lichtenberger Alfredstraße. Zum Thema „Silvester zum Knast“ wurde die für den 31.12.2020 angemeldete Verrammlung aufgrund des Versammlungsverbots auf den gestrigen Tag vorverlegt. Während der Demonstration zündeten Versammlungsteilnehmende mehrfach Feuerwerkskörper, woraufhin Einsatzkräfte mehrfach die Personen vergeblich mittels Lautsprecherdurchsagen aufforderten, das Abbrennen von Böllern zu unterlassen. Letztlich erfolgten gegen 19.40 Uhr mehrere Auflösungsverfügungen, woraufhin die Versammlung nach einem starken Abstrom von ehemaligen Kundgebungsteilnehmenden gegen 20.20 Uhr beendet wurde. Einem Internetaufruf folgend, versammelten sich gegen 19.30 Uhr auf der Straße Unter den Linden in Höhe Pariser Platz etwa 75 Personen, die teilweise keine Mund-Nasen-Bedeckung trugen, obwohl für den Straßenzug das Tragen eines Schutzes nach der Infektionsschutzverordnung vorgeschrieben ist. Da es für die Ansammlung weder eine Anmeldung gab noch ein Versammlungscharakter bzw. religiöse Motivation zu erkennen war, wurden 33 Frauen und Männer wegen Verstößen gegen die Infektionsschutzverordnung überprüft und entsprechende Ordnungswidrigkeitenverfahren eingeleitet. Etwa eine Stunde später lief eine ca. 20-köpfige Gruppe teils auf der Schlossbrücke entlang, die von den Einsatzkräften teilweise mit körperlicher Gewalt abgedrängt werden musste, um ein Weiterlaufen zu verhindern. Auch diese Gruppe wurde von Einsatzkräften überprüft und entsprechende Ordnungswidrigkeitenverfahren gemäß der Infektionsschutzverordnung wegen fehlender Mund-Nasen-Bedeckung und Aufenthaltes ohne triftigen Grund eingeleitet. Am gestrigen Einsatztag waren rund 2100 Polizistinnen und Polizisten, unterstützt von etwa 400 Einsatzkräften aus Rheinland-Pfalz, Baden-Württemberg, Hessen, Brandenburg und der Bundespolizei, beteiligt."
31.12.2020 11:26,Mit Messer verletzt – Täter flüchtig,Marzahn-Hellersdorf,1035497,"Mit Messer verletzt – Täter flüchtig. Polizeimeldung vom 31.12.2020 Marzahn-Hellersdorf. Nr. 2941. In der vergangenen Nacht wurde ein Mann in Hellersdorf mit einem Messer schwer verletzt. Nach bisherigen Erkenntnissen soll ein bislang Unbekannter gegen 2.20 Uhr in der Kastanienallee den 25-Jährigen angesprochen und anschließend unvermittelt mit einem Messerstich in den Oberkörper verletzt haben. Anschließend flüchtete der Unbekannte. Alarmierte Rettungskräfte brachten den jungen Mann, der bei dem Angriff eine oberflächliche Stichverletzung erlitt, zur stationären Behandlung in ein Krankenhaus. Lebensgefahr besteht nicht. Die Ermittlungen, insbesondere zu den Hintergründen der Tat, führt die Kriminalpolizei der Direktion 3."
31.12.2020 11:05,Verdacht der Brandstiftung,Neukölln,1035495,"Verdacht der Brandstiftung. Polizeimeldung vom 31.12.2020 Neukölln. Nr. 2940. In Neukölln brannte gestern Abend ein Fahrzeug. Gegen 21.30 Uhr entdeckten Polizeieinsatzkräfte in der Tellstraße einen in Flammen stehenden Citroen und löschten den Brand mit einem Feuerlöscher. Das Fahrzeug wurde an der Fahrzeugfront stark beschädigt, zudem wurde durch die starke Hitzeentwicklung ein Mitsubishi in Mitleidenschaft gezogen. Alarmierte Einsatzkräfte der Berliner Feuerwehr übernahmen die Nachlöscharbeiten. Verletzt wurde niemand. Die weiteren, noch andauernden Ermittlungen führt ein Brandkommissariat beim Landeskriminalamt."
31.12.2020 11:00,Beim Überqueren der Fahrbahn vom Auto erfasst,Steglitz-Zehlendorf,1035494,"Beim Überqueren der Fahrbahn vom Auto erfasst. Polizeimeldung vom 31.12.2020 Steglitz-Zehlendorf. Nr. 2939. In Lichterfelde wurden gestern Mittag zwei Mitarbeiter einer privaten Müllentsorgungsfirma bei einem Verkehrsunfall verletzt. Nach bisherigen Erkenntnissen überholte ein 76-Jähriger gegen 12.30 Uhr mit seinem Citroen in der Hildburghauser Straße einen haltenden Müllwagen. Dabei kam es zu einem Zusammenstoß mit den beiden Mitarbeitern, die zeitgleich mit mehreren Mülltonnen die Fahrbahn überquerten. Die beiden 35 und 38 Jahre alten Männer stürzten in Folge des Unfalles auf die Fahrbahn und verletzten sich zum Teil schwer. Ersthelfer versorgten die Verletzten bis zum Eintreffen der Rettungskräfte, die die beiden Männer in umliegende Krankenhäuser brachten. Der jüngere der beiden erlitt bei dem Unfall Verletzungen am gesamten Körper und verblieb stationär, während sein Kollege, der an einem Bein verletzt wurde, das Krankenhaus nach einer ambulanten Behandlung wieder verlassen konnte. Der Autofahrer blieb unverletzt. Ein Fachkommissariat für Verkehrsdelikte der Polizeidirektion 4 übernahm die weiteren, noch andauernden Ermittlungen zum Unfallhergang."
31.12.2020 10:58,Seniorin von Auto erfasst,Treptow-Köpenick,1035493,"Seniorin von Auto erfasst Polizeimeldung vom 31.12.2020 Treptow-Köpenick. Nr. 2938. Gestern Nachmittag erlitt eine Seniorin bei einem Verkehrsunfall im Ortsteil Plänterwald schwere Verletzungen. Gegen 15.25 Uhr fuhr ein 52-Jähriger mit seinem Dodge in der Neuen Krugallee rückwärts in eine Parklücke und erfasste dabei eine 74 Jahre alte Frau, die hinten dem Wagen die Straße überqueren wollte. Die Seniorin stürzte in Folge des Zusammenstoßes zu Boden und verletzt sich am Kopf. Alarmierte Rettungskräfte brachten sie zur stationären Behandlung in ein Krankenhaus. Der Autofahrer blieb unverletzt. Die weiteren, noch andauernden Ermittlungen führt ein Fachkommissariat für Verkehrsdelikte der Polizeidirektion 3."
30.12.2020 15:51,Raub in Zeitungsladen scheitert,Neukölln,1035455,"Raub in Zeitungsladen scheitert. Polizeimeldung vom 30.12.2020 Neukölln. Nr. 2937. An der Gegenwehr des Inhabers scheiterte heute Morgen in Gropiusstadt ein Raub in einem Zeitungsladen. Der 63-jährige Überfallene gab bei der Anzeigenerstattung an, dass gegen 8.50 Uhr zwei maskierte Männer das Geschäft an der Lipschitzallee betraten. Während der eine Tatverdächtige am Tresen stehen blieb, soll der Komplize den Inhaber mit einem Reizstoffspray angegriffen haben. Der 63-Jährige habe sich einen Schlagstock gegriffen, woraufhin das Duo ohne Beute in Richtung Fritz-Erler-Allee geflüchtet sein soll. Der Inhaber erlitt leichte Verletzungen durch den Reizstoff und verzichtete auf eine Behandlung. Die Ermittlungen zu den Tatverdächtigen dauern an und wurden von einem Fachkommissariat der Direktion 4 übernommen."
30.12.2020 13:10,E-Scooter in Flammen,Mitte,1035405,"E-Scooter in Flammen Polizeimeldung vom 30.12.2020 Mitte. Nr. 2936. Ein Brandkommissariat beim Landeskriminalamt hat die Ermittlungen zu einem Brand von zwei E-Scootern in der vergangenen Nacht in Tiergarten übernommen. Ersten Erkenntnissen zufolge hatte ein 22-jähriger Zeuge beim Vorbeifahren mit seinem Auto gegen 2 Uhr einen brennenden E-Scooter am Großen Stern wahrgenommen und die Feuerwehr und die Polizei alarmiert. Die Flammen hatten inzwischen schon auf einen zweiten Scooter übergegriffen, als die Brandbekämpfer der Feuerwehr eintrafen und die Flammen löschten. Die Ermittlungen dauern an."
30.12.2020 12:15,Einsatz wegen Körperverletzung führt zum Auffinden von Waffen und Pyrotechnik,Friedrichshain-Kreuzberg,1035389,"Einsatz wegen Körperverletzung führt zum Auffinden von Waffen und Pyrotechnik. Polizeimeldung vom 30.12.2020 Friedrichshain-Kreuzberg. Nr. 2935. In Kreuzberg fanden Polizeikräfte gestern Abend in einer Wohnung mehrere Waffen und verbotene Pyrotechnik. Die Polizei war zunächst gegen 20.30 Uhr zum Wassertorplatz alarmiert worden, weil ein 36-Jähriger eine Körperverletzung durch einen Gleichaltrigen in einer Wohnung in der Lobeckstraße anzeigte. Im Rahmen der Sachverhaltsschilderung ergaben sich Verdachtsmomente, dass der an dem Streit offenbar unbeteiligte Wohnungsinhaber Waffen in seiner Wohnung haben könnte. Dieser wurde daraufhin aufgesucht und gestattete freiwillig eine Durchsuchung. Hierbei fanden die Polizeikräfte nicht nur das Messer, das bei der gefährlichen Körperverletzung an dem 36-Jährigen verwendet worden sein soll, sondern zudem noch eine scharfe Schusswaffe, Munition und in einem verschlossenen Tresor, der durch die Kriminaltechnik geöffnet werden musste, zudem verbotene Pyrotechnik. Alle Gegenstände wurden beschlagnahmt. Den 41 Jahre alten Wohnungsmieter, der nach einer erkennungsdienstlichen Behandlung wieder entlassen wurde, erwarten nun strafrechtliche Ermittlungen wegen Verstößen gegen das Waffen- und das Sprengstoffgesetz. Gegen die beiden 36 Jahre alten Männer, die in der Wohnung in Streit geraten waren, wird wegen Körperverletzung und gefährlicher Körperverletzung ermittelt."
30.12.2020 11:27,Fahrzeuge in Brand gesetzt,,1035335,"Fahrzeuge in Brand gesetzt. Polizeimeldung vom 30.12.2020. Neukölln/Steglitz-Zehendorf/Marzahn-Hellersdorf. Brandkommissariate beim Landeskriminalamt haben die Ermittlungen übernommen, nachdem in der vergangenen Nacht in Neukölln, Lichterfelde und Hellersdorf mehrere Fahrzeuge brannten. In allen Fällen wurde niemand verletzt. Nr. 2931. Aufmerksame Passanten riefen gegen 22.45 Uhr die Feuerwehr zur Dieselstraße, in Höhe einer Gartenkolonie, nachdem sie dort Feuerschein von der Front eines dort auf dem Gehweg parkenden Audis bemerkten. Brandbekämpfer löschten die Flammen, die mittlerweile den Motorraum des Audis erreicht und zwei weitere Fahrzeuge beschädigt hatten. Nr. 2932. Gegen 21.45 Uhr bemerkte ein Anwohner des Alsterweges auf einem Parkplatz in der Nähe der Kreuzung Goerzallee/Alsterweg, Flammen an einem VW. Der Anwohner alarmierte die Feuerwehr und unternahm sogleich eigene Löschversuche. Eingetroffene Brandbekämpfer der Feuerwehr löschten den Brand des Wagens dann vollständig. Nr. 2933. Kurz vor 23 Uhr parkte ein Autofahrer seinen Wagen auf der Weserstraße und bemerkte dabei Qualm von der Front eines Transporters. Kurz darauf schlugen Flammen aus dem Motorraum des Pritschenwagens, sodass er die Feuerwehr sowie die Polizei alarmierte. Die eingetroffenen Brandbekämpfer löschten die Flammen. Sie konnten jedoch nicht verhindern, dass diese auch einen davor parkenden Skoda beschädigten. Die Fahrerkabine des Mercedes-Lkw brannte vollständig aus. Nr. 2934. Ein Anwohner der Riesaer Straße bemerkte kurz nach halb vier Uhr morgens laute Knallgeräusche und schaute aus einem Fenster der elterlichen Wohnung. Vor dem Haus sah er einen VW, welcher im Vollbrand stand. Er alarmierte die Feuerwehr, die den Brand des Wagens löschte. Der VW Golf brannte vollständig aus."
30.12.2020 11:17,Überfall auf Kiosk,Steglitz-Zehlendorf,1035329,"Überfall auf Kiosk. Polizeimeldung vom 30.12.2020 Steglitz-Zehlendorf. Nr. 2930. Unbekannte haben gestern Nachmittag in Steglitz ein Pressegeschäft überfallen. Den Zeugenaussagen und ersten Ermittlungen zufolge betraten zwei Männer gegen 18 Uhr das Geschäft in der Bismarckstraße. Einer der Männer bedrohte den 55-jährigen Angestellten, der alleine im Laden stand, mit einer Schusswaffe, der andere mit einem Messer. Mit seiner Schusswaffe deutete der erste Räuber nun unmissverständlich auf die Kasse, um so die Forderungen zu verdeutlichen. Der Messerführende nahm inzwischen Zigaretten und das Handy des Überfallenen, die im Verkaufsraum lagen, an sich. Als der Angestellte die Kasse öffnete, nahm er auch die gesamte Kassenschublade mit den Tageseinnahmen. Als die Beiden das Geschäft daraufhin wieder verließen, sprühte einer von ihnen noch Reizstoff in Richtung des Überfallenen, der dadurch eine starke Augenreizung davontrug. Eine 53-jährige Zeugin und ein 34-jähriger Zeuge berichteten von einem weiteren Mann, der in einem dunklen Auto in der Kniephofstraße auf die beiden Komplizen wartete und nachdem sie zugestiegen waren, in Richtung Altmarkstraße davonfuhr. Die Ermittlungen führt das Raubkommissariat der zuständigen Polizeidirektion."
30.12.2020 11:10,Farbschmierereien an mehreren Hausfassaden,Neukölln,1035327,"Farbschmierereien an mehreren Hausfassaden. Polizeimeldung vom 30.12.2020 Neukölln. Nr. 2929. Eine Streife des Polizeiabschnitts 55 stellte gestern Abend gegen 22.15 Uhr in Neukölln Sachbeschädigungen durch Farbschmierereien an mehreren Häusern fest. Unbekannte hatten in der Leykestraße an den Hauswänden verschiedene Parolen und Symbole aufgebracht, die inhaltlich einen Bezug zum nahegelegenen Gebäude der Justizvollzugsanstalt für Frauen herstellten. Die weiteren Ermittlungen zu den Sachbeschädigungen hat der Polizeiliche Staatsschutz des Landeskriminalamtes übernommen."
29.12.2020 18:31,Einsatzlagen zum Jahreswechsel,berlinweit,1035082,"Einsatzlagen zum Jahreswechsel. Polizeimeldung vom 29.12.2020 berlinweit. Nr. 2928. Die Polizei Berlin bereitet sich aktuell intensiv auf die Einsatzlagen des 30. Dezember und 31. Dezember vor. Sie wird am 30. Dezember mit etwas mehr als 2000 und am 31. Dezember mit gut 2900 Polizistinnen und Polizisten im Einsatz sein. Hierbei wird die Polizei Berlin von knapp 600 Einsatzkräften aus Brandenburg, Baden-Württemberg, Rheinland-Pfalz, Hessen und der Bundespolizei unterstützt. Auch ein Polizeihubschrauber aus Baden-Württemberg wird im Einsatz sein. Der Schwerpunkt der polizeilichen Maßnahmen am 30. Dezember wird auf der Gewährleistung der angemeldeten Versammlungen, der Einhaltung der Vorgaben durch die Infektionsschutzmaßnahmenverordnung und in der Durchsetzung der Einhaltung einzelner Versammlungsverbote liegen. Aktuell sind für den 30. Dezember 2020 14 Kundgebungen/Versammlungen/Fahrradkorsos angemeldet. Die Anmeldungen von weiteren Versammlungen und Kundgebungen befinden sich derzeit noch in der Prüfung und Bearbeitung. Am 31. Dezember und der Silvesternacht liegen die Schwerpunkte der polizeilichen Maßnahmen in der Kontrolle der Einhaltung des stadtweiten Versammlungsverbotes und der Kontrolle der Einhaltung der Infektionsschutzmaßnahmenverordnung sowie in der Kontrolle der Einhaltung der Pyroverbotszonen. Zwei Pyroverbotszonen – die bereits bekannten Bereiche des letzten Jahres, Alexanderplatz und Steinmetzkiez – wurden auf Grundlage des Allgemeinen Sicherheits- und Ordnungsgesetzes (ASOG) eingerichtet, weil es hier in der Vergangenheit zu Übergriffen auf Einsatzkräfte gekommen ist. Hier erfolgen stationäre Kontrollen durch die Polizei Berlin. Die weiteren 54 stadtweit ausgewiesenen Pyroverbotszonen basieren auf Erfahrungswerten der Polizei Berlin; hier kam es in den letzten Jahren zu verstärkten Ansammlungen von Menschen, die Feuerwerk gezündet haben. In diesen Zonen ist der Aufenthalt und das Zünden von Pyrotechnik aller Kategorien (F1 und F2) verboten. Ein Durchqueren der Straßen, Plätze und Grünanlagen ist erlaubt. Diese 54 Pyroverbotszonen werden zusätzlich durch die Polizeiabschnitte bestreift und entsprechend kontrolliert. Bei Zuwiderhandlungen droht ein Bußgeld von bis zu 1000 Euro. An beiden Einsatztagen liegt der polizeiliche Fokus zusätzlich auf der Sicherung des Regierungs- und Parlamentsviertels sowie der Gewährleistung einer Silvesterproduktion eines Fernsehsenders am Brandenburger Tor. Frau Dr. Slowik: „Die Polizei Berlin geht auch dieses Jahr gut vorbereitet in diesen für alle völlig anderen Jahreswechsel. Die Herausforderungen, denen sich die Polizei Berlin über das ganze Jahr hinweg gegenübersah, spiegeln sich nun auch in der Silvesternacht wider und so werden wir auch auf Überraschungen, die sich in einem solchen Einsatz nicht ausschließen lassen, flexibel und besonnen reagieren. Ich zähle jedoch sehr auf die Berlinerinnen und Berliner, die zu Hause und in kleinstem Kreis das neue Jahr begrüßen werden. Damit geben wir uns alle die Chance auf ein gesundes Jahr 2021.“ Innensenator Andreas Geisel: „Sinn und Zweck aller Maßnahmen an Silvester ist die Reduzierung von Infektionsrisiken. Ich appelliere an die Vernunft und das Verantwortungsbewusstsein der Menschen: Schützen Sie auch an Silvester sich und Ihre Mitmenschen. Gegen die Unverbesserlichen wird die Polizei konsequent vorgehen. Wenn Sie sich fragen, was man am besten tun soll zum Jahreswechsel: Bleiben Sie zuhause und begrüßen Sie dort 2021, das hoffentlich ein besseres Jahr als dieses werden wird.“"
29.12.2020 15:32,Rucksack geraubt und festgenommen,Friedrichshain-Kreuzberg,1035008,"Rucksack geraubt und festgenommen. Polizeimeldung vom 29.12.2020 Friedrichshain-Kreuzberg. Nr. 2927. Polizeieinsatzkräfte nahmen in der vergangenen Nacht in Kreuzberg einen mutmaßlichen Räuber fest. Nach bisherigen Ermittlungen soll eine Gruppe von drei Personen gegen 2 Uhr in der Skalitzer Straße einen 24-Jährigen angesprochen und zur Herausgabe seines Rucksacks und seines Mobiltelefons aufgefordert haben. Als der junge Mann dies verweigerte, soll einer der Unbekannten ihm mit einer Glasflasche gegen den Kopf geschlagen und dabei verletzt haben. Das Trio entwendete den Rucksack des Mannes und flüchtete anschließend in unbekannte Richtung. Einsatzkräfte des Polizeiabschnitts 53 nahmen in unmittelbarer Nähe zum Tatort einen 18-Jährigen fest. Ein Atemalkoholvortest ergab bei ihm einen Wert von rund 0,6 Promille. Alarmierte Rettungskräfte brachten den Überfallenen, der bei dem Angriff eine Kopfplatzwunde erlitt, zur ambulanten Behandlung in ein Krankenhaus. Die Polizistinnen und Polizisten brachten den Festgenommenen für eine erkennungsdienstliche Behandlung und eine Blutentnahme in ein Polizeigewahrsam und übergaben ihn anschließend der Kriminalpolizei der Polizeidirektion 5, welche die weiteren, noch andauernden Ermittlungen übernahm."
29.12.2020 11:25,Mann angegriffen und schwer verletzt,Mitte,1034889,"Mann angegriffen und schwer verletzt. Polizeimeldung vom 29.12.2020 Mitte. Nr. 2926. Zwei bislang Unbekannte griffen in der vergangenen Nacht in Gesundbrunnen einen Mann an und verletzten ihn schwer. Gegen 22 Uhr soll es zwischen dem Duo und dem 45-Jährigen im ersten Obergeschoss eines Einkaufszentrums in der Brunnenstraße zu einem Streit gekommen sein, in dessen Folge der Mann von den Unbekannten zu Boden gebracht und dort liegend geschlagen und auch gegen den Kopf getreten worden sein soll. Als mehrere Passantinnen dem Angegriffenen zur Hilfe eilten, sollen die beiden Tatverdächtigen in Richtung Brunnenstraße geflüchtet sein. Alarmierte Rettungskräfte brachten den 45-Jährigen mit schweren Verletzungen am gesamten Körper zur stationären Behandlung in ein Krankenhaus. Lebensgefahr besteht nicht. Die weiteren, noch andauernden Ermittlungen führt die Kriminalpolizei der Polizeidirektion 1."
29.12.2020 11:13,Pkw in Brand gesetzt,Neukölln,1034886,"Pkw in Brand gesetzt. Polizeimeldung vom 29.12.2020 Neukölln. Ein Brandkommissariat beim Landeskriminalamt hat die Ermittlungen übernommen, nachdem in der vergangenen Nacht in Buckow mehrere Fahrzeuge brannten. In beiden Fällen wurde niemand verletzt. Nr. 2924. Ein aufmerksamer Anwohner rief gegen 23.40 Uhr die Feuerwehr und die Polizei in die Warmensteinacher Straße, nachdem er nach einem lauten Knall eine Rauchentwicklung an einem abgestellten Ford bemerkte. Brandbekämpfer löschten die Flammen. Der Wagen wurde leicht beschädigt. Nr. 2925. Gegen 0.20 Uhr bemerkte ein weiterer Anwohner in einer Tiefgarage in der Warmensteinacher Straße einen in Brand gesetzten Mercedes. Der Wagen und eine daneben abgestellte Aprilia wurden durch die starke Hitzeentwicklung leicht beschädigt. Die Warmensteinacher Straße war für die Löscharbeiten rund zwei Stunden gesperrt. Zwei Wohnhäuser wurden evakuiert. Die Haussubstanz wurde nicht angegriffen."
28.12.2020 17:11,Disziplinarrechtliche Ermittlungen veranlasst,Tempelhof-Schöneberg,1034620,"Disziplinarrechtliche Ermittlungen veranlasst. Polizeimeldung vom 28.12.2020 Tempelhof-Schöneberg. Nr. 2923. Einen Polizisten eines Polizeiabschnittes betreffend, leitete der Leiter und Disziplinarvorgesetzte der für ihn zuständigen Polizeidirektion heute disziplinarrechtliche Ermittlungen ein. Der Polizist soll einen fingierten mehrtägigen Polizeieinsatz in einem anderen Bundesland angekündigt haben. Mit der Ankündigung dieses Einsatzes könnte er versucht haben, das Beherbergungsverbot der gültigen SARS-CoV-2-Verordnung eines anderen Bundeslandes während des Jahreswechsels zu umgehen. Nachfragen der zuständigen Behörden des betroffenen Landes deckten das Vorhaben schnell auf, sodass es verhindert werden konnte. Ob weitere Polizistinnen und Polizisten der Polizei Berlin darin involviert waren und welche Motivation hinter den Handlungen steckte, ist nun Gegenstand der aufgenommenen Ermittlungen."
28.12.2020 12:47,Nationalsozialistische Parole gerufen – Festnahme,Spandau,1034476,"Nationalsozialistische Parole gerufen – Festnahme. Polizeimeldung vom 28.12.2020 Spandau. Nr. 2922. Polizisten nahmen vergangene Nacht einen Mann im Stadtteil Falkenhagener Feld fest. Nach Aussage eines Zeugen soll der Mann gegen 1.30 Uhr auf der Stadtrandstraße sowohl eine nationalsozialistische als auch eine fremdenfeindliche Parole gerufen haben. Anschließend alarmierte der Zeuge die Polizei und beschrieb den Rufer. Die Polizeikräfte konnten den alkoholisierten 47-jährigen Tatverdächtigen in der Nähe anhalten und dessen Identität feststellen. Dabei äußerte er wiederholt die nationalsozialistische Parole. Eine Atemalkoholmessung ergab einen Wert von ungefähr 1,5 Promille. Nach Abschluss der polizeilichen Maßnahmen entließen sie den Tatverdächtigen wieder. Er muss sich nun wegen des Verdachts der Verwendung von Kennzeichen verfassungswidriger Organisationen verantworten."
28.12.2020 09:31,Verbotene Kraftfahrzeugrennen ohne Führerscheine – Fahrzeuge beschlagnahmt,bezirksübergreifend,1034413,"Verbotene Kraftfahrzeugrennen ohne Führerscheine – Fahrzeuge beschlagnahmt. Polizeimeldung vom 28.12.2020 bezirksübergreifend. Marzahn-Hellersdorf/Neukölln. Gestern Abend kam es in Biesdorf und in Buckow – hier sogar mit einem Verkehrsunfall – zu verbotenen Kraftfahrzeugrennen. Nr. 2920.Nach derzeitigem Ermittlungsstand war einer Funkstreifenbesatzung des Polizeiabschnitts 32 bei der Streifenfahrt gegen 20.50 Uhr ein Pkw in der Straße Alt-Biesdorf durch eine auffällige Fahrweise aufgefallen. Der 44-jährige Fahrer des Pkw fuhr mit deutlich zu hoher Geschwindigkeit die Straße Alt-Biesdorf in Richtung der Straße Alt-Kaulsdorf und missachtete dabei das Rotlicht zweier Ampeln. An der Kreuzung Alt-Biesdorf Ecke Blumberger Damm stoppten ihn dann die Einsatzkräfte mit Blaulicht und Martinshorn. Der Fahrer, der ohne gültigen Führerschein unterwegs war, wurde nach seiner Überprüfung entlassen. Das Funkstreifenteam beschlagnahmte jedoch das Auto. Die Ermittlungen dauern an. Nr. 2921.Kurz vor 22 Uhr fuhr ein 21-jähriger mit seinem Pkw im Buckower Damm in Richtung Karl-Marx-Straße. Beim Losfahren von der Ampel an der Einmündung der Gutschmidtstraße fiel er einem Funkstreifenteam des Polizeiabschnitts 48 aufgrund seines starken Beschleunigens auf. Als der Raser mit dem optischen Anhaltesignal „Stopp Polizei“ und dem dazugehörigen verdeutlichenden akustischen Signal angehalten werden sollte, beschleunigter dieser weiter und überholte sogar noch im Gegenverkehr. In Höhe der Kreuzung Buckower Damm Ecke Rufacher Weg bog der 21-Jährige dann mit seinem Fahrzeug nach rechts in den Rufacher Weg ab. Dabei kam er von der Fahrbahn nach links ab und geriet kurz auf den Gehweg. Zwei Kreuzungen weiter kam er dann mit seinem Pkw aufgrund des bei dem Aufprall auf den Bordstein entstandenen Schadens im Rufacher Weg zum Stehen. Der 21-Jährige besaß keine gültige Fahrerlaubnis und wurde im Anschluss an seine Überprüfung wieder auf freien Fuß gesetzt. Sein Auto wurde jedoch beschlagnahmt. Die Ermittlungen dauern an."
28.12.2020 08:53,Tankstelle beraubt,Friedrichshain-Kreuzberg,1034410,"Tankstelle beraubt. Polizeimeldung vom 28.12.2020 Friedrichshain-Kreuzberg. Nr. 2919. Ein Unbekannter hat in der vergangenen Nacht eine Tankstelle in Kreuzberg beraubt. Nach derzeitigen Erkenntnissen betrat der maskierte Mann gegen 22.35 Uhr den Verkaufsraum einer Tankstelle in der Gneisenaustraße, zog ein Messer, bedrohte damit die 53 Jahre alte Verkäuferin und verlangte Geld. Die Frau kam der Forderung der Öffnung der Kasse nach und der Kriminelle griff hinein. Die 53-Jährige verriegelte daraufhin die Ausgangstür, schloss sich selbst in einem Lagerraum ein und alarmierte die Polizei. Durch Eintreten der verschlossenen Tür gelang es dem Räuber noch vor Eintreffen der alarmierten Polizeikräfte zu flüchten. Die Verkäuferin blieb unverletzt. Die Ermittlungen dauern an."
27.12.2020 11:32,Verdacht des illegalen Glücksspiels,Charlottenburg-Wilmersdorf,1034375,"Verdacht des illegalen Glücksspiels. Polizeimeldung vom 27.12.2020 Charlottenburg-Wilmersdorf. Nr. 2919. Wegen des Verdachts der Beteiligung an einem illegalen Glücksspiel in Charlottenburg wird seit gestern Nachmittag ermittelt. Ein Zeuge hatte gegen 16.50 Uhr die Polizei in die Augsburger Straße alarmiert, nachdem er in einer Bar verdächtige Geräusche und Bewegungen wahrgenommen hatte. Der Zeuge äußerte den Verdacht, dass sich in der Bar, die nach Außen einen verschlossenen Zustand vermittelte, Personen aufhalten würden. Durch einen Riss in der Scheibenabdeckung konnten Polizeikräfte mehrere Personen in der Bar wahrnehmen, zudem hörten sie Möbelrücken und Stimmen. Die Eingangstür war verschlossen und wurde auf Klopfen auch nicht geöffnet, so dass sich die Einsatzkräfte über einen aus früheren Einsätzen bekannten Eingang im Keller Zugang verschaffen wollten. Im Keller kamen ihnen acht Männer entgegen. Alle gaben an, sich nur zufällig im Keller aufzuhalten. Für die Bar wurde ein Durchsuchungsbeschluss eingeholt. In den Räumen fanden die Polizeikräfte diverse Beweismittel, die den Verdacht des zuvor stattgefundenen Glücksspiels bekräftigten. Zudem fanden sie geringe Mengen Betäubungsmittel, auch diese wurden beschlagnahmt. Da die angetroffenen Männer teilweise hohe Bargeldsummen mit sich führten, zu denen sie keine Angaben machen wollten, wurde das bei vier Männern aufgefundene Bargeld beschlagnahmt. Zudem wurden gegen alle Männer Ordnungswidrigkeitenanzeigen wegen eines Verstoßes gegen die Infektionsschutzverordnung geschrieben. Die Ermittlungen dauern an."
27.12.2020 11:16,Festnahmen nach Einbruch in ein Auto,Friedrichshain-Kreuzberg,1034374,"Festnahmen nach Einbruch in ein Auto. Polizeimeldung vom 27.12.2020 Friedrichshain-Kreuzberg. Nr. 2918. In der vergangenen Nacht haben Einsatzkräfte des Polizeiabschnitts 53 in Kreuzberg drei Männer nach einem Einbruch in ein Kraftfahrzeug festgenommen. Ein 47-jähriger Anwohner hatte zunächst gegen 3.30 Uhr vier Männer in der Görlitzer Straße Ecke Sorauer Straße bei dem Einbruch beobachtet und daraufhin die Polizei alarmiert. Noch vor dem Eintreffen der Polizeikräfte flohen die Männer in den Görlitzer Park. Die gute Beobachtung und Beschreibung der Täter durch den Alarmierenden, führten dann zur Festnahme von einem 19-Jährigen, einem 24-Jährigen und einem 52-Jährigen im Görlitzer Park. Die Durchsuchung der Festgenommenen durch die Kräfte führte bei dem 52-Jährigen zum Auffinden von Beweismitteln. Alle drei mutmaßlichen Kriminellen mussten mit zur Blutentnahme in einen Polizeigewahrsam, danach konnte der 19-Jährige seinen Weg fortsetzen. Die beiden anderen wurden der Kriminalpolizei der zuständigen Polizeidirektion überstellt. Die Ermittlungen dauern an."
27.12.2020 11:12,In Schule eingebrochen und Feuer gelegt,Treptow-Köpenick,1034373,"In Schule eingebrochen und Feuer gelegt. Polizeimeldung vom 27.12.2020 Treptow-Köpenick. Nr. 2917. Unbekannte haben sich am ersten Weihnachtsfeiertag Zugang zu einem Schulgebäude in Altglienicke verschafft und dort ein einen Brand verursacht. Zeugen hatten gegen 22 Uhr Taschenlampenschein in dem Schulgebäude im Mohnweg bemerkt und daraufhin die Polizei verständigt. Polizeikräfte stellten wenig später Einbruchspuren an einer Zugangstür fest und bemerkten ein Feuer im ersten Obergeschoss des Gebäudes. Personen befanden sich nicht mehr in der Schule. Alarmierte Rettungskräfte der Feuerwehr löschten den Brand, durch den Versorgungsleitungen beschädigt wurden. Ob etwas entwendet wurde, ließ sich zunächst nicht feststellen. Die Ermittlungen dauern an."
27.12.2020 10:46,Jugendlicher begeht mehrere Verkehrsstraftaten,bezirksübergreifend,1034372,"Jugendlicher begeht mehrere Verkehrsstraftaten. Polizeimeldung vom 27.12.2020 bezirksübergreifend Tempelhof-Schöneberg/Treptow-Köpenick. Nr. 2916. Am Nachmittag des 1. Weihnachtsfeiertages wurde ein Jugendlicher in Johannisthal vorläufig festgenommen, nachdem er mehrere Verkehrsstraftaten begangen hatte. Eine Carsharing-Firma informierte die Polizei über eine missbräuchliche Nutzung eines ihrer Fahrzeuge. Der VW sollte auf der Stadtautobahn in Höhe Anschlussstelle Oberlandstraße in Richtung Treptow-Köpenick unterwegs sein. Die Polizeikräfte fuhren auf die Stadtautobahn und suchten nach dem Wagen. Gegen 17.30 Uhr entdeckten sie den VW dann auf der BAB 113 in Höhe Anschlussstelle Stubenrauchstraße und forderten den Autofahrer auf, ihnen zu folgen. Zunächst schien es, als würde der später namhaft gemachte 17-Jährige auf dem Standstreifen anhalten, dann beschleunigte er den VW jedoch wieder stark und setzte seine Fahrt mit hoher Geschwindigkeit fort. In Johannistahl verließ der Jugendliche dann an der Ausfahrt Adlershof die Autobahn und die Polizeikräfte beobachteten, wie er bei Rot rechts in das Ernst-Ruska-Ufer abbog. Hierbei stieß der 17-Jährige mit einem von links kommenden Ford zusammen, mit dem ein 42-Jähriger bei Grün in die Einmündung eingefahren war. Beide Fahrzeuge drehten sich in der Folge der Kollision. Während der VW auf der Fahrbahn zum Stehen kam, prallte der Ford in die dort befindliche Leitplanke. Kurz darauf stiegen der Fahrer sowie zwei weitere Personen aus dem VW aus und ergriffen zu Fuß die Flucht. Polizeikräfte folgten den Dreien. Während die Festnahme des 17-Jährigen gelang, konnten die beiden anderen Personen unerkannt flüchten. Nach Sachverhaltsaufnahme und Identitätsfeststellung wurde der Jugendliche einem Verwandten übergeben, der zwischenzeitlich am Ort erschienen war. Die Teilnahme an einem verbotenen Kraftfahrzeugrennen, eine Straßenverkehrsgefährdung, ein Verkehrsunfall, das unerlaubte Entfernen vom Unfallort, der unbefugte Gebrauch eines Fahrzeugs und das Fahren ohne Fahrerlaubnis sind Bestandteil der Ermittlungen, die nun gegen den Jugendlichen geführt werden. Der 42 Jahre alte Fahrer des Ford wurde vorsorglich untersucht, scheint aber unverletzt geblieben zu sein."
27.12.2020 10:40,Tankstelle überfallen,Neukölln,1034371,"Tankstelle überfallen. Polizeimeldung vom 27.12.2020 Neukölln. Nr. 2915. Zwei Männer haben gestern Abend eine Tankstelle in Rudow überfallen. Nach den bisher vorliegenden Informationen hatten die beiden unbekannt gebliebenen Männer kurz vor 22 Uhr eine Tankstelle in der Neuköllner Straße betreten. Während einer der Tatverdächtigen im Innenraum mit einer Schusswaffe gedroht haben soll, wartete der zweite in der offenstehenden Eingangstür. Die beiden Angestellten, ein 51-Jähriger und eine 36-Jährigen folgen den Anweisungen der Räuber und händigen Geld und Zigaretten aus. Anschließen entkamen die Tatverdächtigen in Richtung Uhrmacherweg. Die Ermittlungen dauern an."
27.12.2020 10:36,Seniorin überfallen,Charlottenburg-Wilmersdorf,1034370,"Seniorin überfallen. Polizeimeldung vom 27.12.2020 Charlottenburg-Wilmersdorf. Nr. 2914. Eine unbekannt gebliebene Person auf einem Fahrrad, hat am ersten Weihnachtsfeiertag eine 96-Jährige in Charlottenburg-Nord beraubt. Nach derzeitigem Erkenntnisstand war die Beraubte gegen 16.30 Uhr auf dem Gehweg zwischen dem Kurt-Schumacher-Damm und der Straße Am Heidebusch zu Fuß unterwegs, als eine von hinten mit einem Rad vorbeifahrende Person ihr die Handtasche entriss und davonfuhr. Die Seniorin wurde dabei zu Boden gerissen und verletzte sich so schwer, dass sie in ein Krankenhaus eingeliefert werden musste und stationär verblieb. Einsatzkräfte fanden bei der Absuche der näheren Umgebung Ihre Handtasche, aus der das Geld fehlte. Die Ermittlungen dauern an."
27.12.2020 10:33,Verbotenes Kraftfahrzeugrennen führte zu Verkehrsunfall mit Verletzten,Tempelhof-Schöneberg,1034369,"Verbotenes Kraftfahrzeugrennen führte zu Verkehrsunfall mit Verletzten. Polizeimeldung vom 27.12.2020 Tempelhof-Schöneberg. Nr. 2913. Gestern Abend führte ein verbotenes Kraftfahrzeugrennen in Schöneberg zu einem Verkehrsunfall bei dem drei Beteiligte leichte Verletzungen erlitten. Ersten Erkenntnissen zufolge fuhren ein 31-jähriger BMW-Fahrer und eine unbekannt gebliebene Person mit einem anderen Pkw gegen 19.50 Uhr von einer Ampel der Bülowstraße in Höhe des Nollendorfplatzes in Richtung Potsdamer Straße mit hoher Geschwindigkeit an. Im weiteren Verlauf des verbotenen Rennes kam dann der BMW aus noch ungeklärter Ursache ins Schleudern und prallte gegen einen am rechten Fahrbahnrand geparkten Mini, der dann drei weitere vor ihm geparkte Fahrzeuge, einen SEAT, einen BMW und einen Renault zusammengeschoben hat. Neben dem BMW-Fahrer kamen auch sein 27-jähriger Beifahrer und ein hinten auf dem Rücksitz mitgefahrender 28-Jähriger mit leichten Verletzungen in umliegende Krankenhäuser und wurden nach ambulanten Behandlungen wieder entlassen. Die unbekannt gebliebene weitere Person, die an dem Rennen beteiligt gewesen sein soll, hatte sich mit ihrem Pkw vom Unfallort entfernt. Messungen noch am Unfallort ergaben, dass Alkohol wohl nicht im Spiel war. Der Führerschein des mutmaßlichen Unfallfahrers und sein BMW wurden beschlagnahmt. Während der Unfallaufnahme war die Bülowstraße in Richtung Potsdamer Straße für rund eine Dreiviertelstunde gesperrt. Mit den Ermittlungen zum Unfallhergang wurde das Fachkommissariat für Verkehrsdelikte der Polizeidirektion 4 betraut."
27.12.2020 10:29,Brennende Fahrzeuge,bezirksübergreifend,1034368,Brennende Fahrzeuge. Polizeimeldung vom 27.12.2020 bezirksübergreifend Neukölln/Mitte/Marzahn-Hellersdorf. Nr. 2910. In der Nacht von Heiligabend zum 1. Weihnachtsfeiertag bemerkte eine 59-jährige Anwohnerin gegen 23.30 Uhr in der Weserstraße in Neukölln Flammen an zwei geparkten VW-Transportern und alarmierte Polizei sowie Feuerwehr. Zuerst am Ort eintreffende Polizeikräfte löschten die Flammen an den beiden Fahrzeugen. Feuerwehrleute löschten anschließend noch nach. Ein Brandkommissariat beim Landeskriminalamt Berlin hat die Ermittlungen übernommen. Nr. 2911. In Wedding brannte in der Nacht von Heiligabend zum 1. Weihnachtsfeiertag ein geparkter Mercedes. Nach bisherigen Erkenntnissen hörten Anwohner gegen 2.25 Uhr in der Maxstraße zunächst einen lauten Knall und entdeckten anschließend den brennenden Mercedes. Bei der zuvor stattgefundenen Detonation war die Frontscheibe aus dem Wagen gedrückt worden. Alarmierte Feuerwehrkräfte löschten den Brand. Der Mercedes brannte komplett aus. Ein neben dem Auto geparkter Audi wurde durch Hitze stark beschädigt. Aufgrund der Detonation hat das Fachkommissariat für Sprengstoffdelikte beim Polizeilichen Staatsschutz die Ermittlungen übernommen. Nr. 2912. Heute früh löschten Brandbekämpfer gegen 4.30 Uhr einen brennenden Renault auf einem Parkplatz am S-Bahnhof Friedrichsfelde-Ost in Marzahn. Der Wagen brannte komplett aus. Die Ermittlungen hat ein Brandkommissariat beim Landeskriminalamt Berlin übernommen
27.12.2020 10:25,Auf Gegenspur überholt und Unfall verursacht,Pankow,1034367,"Auf Gegenspur überholt und Unfall verursacht. Polizeimeldung vom 27.12.2020 Pankow. Nr. 2909. Ein 29-Jähriger hat gestern Nachmittag in Buch einen Unfall verursacht, bei dem eine 27-Jährige verletzt wurde und ihre beiden Kinder einen Schock erlitten. Nach derzeitigen Erkenntnissen überholte der 29-Jährige gegen 16.20 Uhr mit seinem Opel in der Karower Chaussee einen von der Haltebucht anfahrenden BVG-Bus und nutzte hierfür die Gegenfahrbahn. Dort stieß er frontal mit dem Hyundai einer 27-Jährigen zusammen. Die junge Frau erlitt mehrere Armfrakturen und musste von Rettungskräften der Feuerwehr in ein Krankenhaus gebracht werden. Ihre beiden ein und vier Jahre alten Kinder, die ebenfalls in dem Fahrzeug gesessen hatten, erlitten einen Schock und mussten ambulant behandelt werden. Der 29-Jährige klagte über Schmerzen und wurde für eine Untersuchung ebenfalls in ein Krankenhaus gebracht."
27.12.2020 10:21,Soft-Air Waffe löst SEK Einsatz aus,Pankow,1034366,"Soft-Air Waffe löst SEK Einsatz aus. Polizeimeldung vom 27.12.2020 Pankow. Nr. 2908. Das Hantieren mit einer echt aussehenden Soft-Air Waffe in Weißensee, hatte gestern einen SEK Einsatz zur Folge. Mehrere Zeugen hatten die Polizei in die Rossinistraße alarmiert, nachdem sie dort vor einem Wohnhaus einen Jugendlichen beobachtet hatten, der mit einer Langwaffe hantiert hatte und anschließend in das Haus gegangen war. Ermittlungen ergaben schließlich, welche Wohnung der Jugendliche betreten hatte. Für diese wurde ein Durchsuchungsbeschluss erwirkt und Kräfte des Spezialeinsatzkommandos angefordert. Die Einsatzkräfte betraten die Wohnung gegen 20 Uhr und trafen dort auf einen 18-Jährigen, der angab, dass es sich bei der Waffe um eine sogenannte Soft-Air Waffe handelt, die ihm ein ebenfalls 18 Jahre alter Bekannter vorbeigebracht habe. Dass dieser damit vor dem Haus hantiert habe, sei ihm nicht bekannt. Die Soft-Air Waffe wurde beschlagnahmt."
27.12.2020 10:17,Radfahrer schwer verletzt,Treptow-Köpenick,1034365,"Radfahrer schwer verletzt. Polizeimeldung vom 27.12.2020. Treptow-Köpenick. Nr. 2907. Bei einem Verkehrsunfall in Oberschöneweide erlitt gestern Vormittag ein Radfahrer schwere Kopfverletzungen. Nach bisherigen Erkenntnissen überquerte der 80-Jährige gegen 11.30 Uhr als Radfahrer die Fahrbahn der Treskowallee und wurde hierbei von dem Wagen eines 47-Jährigen erfasst, der in Richtung An der Wuhlheide fuhr. Der Radfahrer stürzte. Alarmierte Rettungskräfte brachten ihn zur stationären Behandlung in ein Krankenhaus."
